{
    "loss": [
        6.447150749019069,
        4.048282107959191,
        3.5990162584134655,
        3.2301599557201066,
        2.850977301088154,
        2.7629997970647793,
        2.5558599791784062,
        2.5591233891044927,
        2.4530922195786595,
        2.3339756572157397,
        2.330728183540269,
        2.229752788877385,
        2.2014169053007393,
        2.0932047262342057,
        2.1203087711881876,
        2.058247080598122,
        2.1164531227933545,
        1.9219757427389805,
        2.0643094696868687,
        1.942259668157651
    ],
    "root_mean_squared_error": [
        2.4252305,
        1.875267,
        1.7550498,
        1.6468866,
        1.5278007,
        1.5007584,
        1.4308429,
        1.4316326,
        1.3936201,
        1.3511012,
        1.3503038,
        1.3100238,
        1.2979288,
        1.2531339,
        1.2646586,
        1.2392721,
        1.2593572,
        1.1802112,
        1.2371196,
        1.1825111
    ],
    "mean_absolute_error": [
        1.1897626,
        0.8149818,
        0.7344495,
        0.6894935,
        0.6371372,
        0.61805165,
        0.5927169,
        0.57951015,
        0.56654626,
        0.54530954,
        0.53364503,
        0.5281572,
        0.5126052,
        0.49837515,
        0.49779576,
        0.49584818,
        0.49648142,
        0.46665442,
        0.48855552,
        0.47684562
    ],
    "val_loss": [
        4.015337102957117,
        3.704276231814549,
        3.3354755620966587,
        2.8607100210210152,
        2.8566654685463733,
        2.5258247551124997,
        2.9973293766538216,
        2.5328671023535576,
        2.5539027550327242,
        2.307729822613283,
        2.196241160572719,
        2.3943057323315506,
        2.1296197727544985,
        2.23270609625367,
        2.2990202272116247,
        2.2287546532240503,
        2.257862958445478,
        2.1100283731529705,
        2.206979891638766,
        2.1555011832892004
    ],
    "val_root_mean_squared_error": [
        1.8622389,
        1.7835412,
        1.6786911,
        1.5296594,
        1.5313556,
        1.4205755,
        1.5781313,
        1.4238212,
        1.4292747,
        1.3412801,
        1.2994264,
        1.3704557,
        1.2688168,
        1.3086733,
        1.3334804,
        1.3050051,
        1.3140748,
        1.2569968,
        1.2905982,
        1.2693149
    ],
    "val_mean_absolute_error": [
        0.7546457,
        0.66955525,
        0.61798775,
        0.5605832,
        0.543931,
        0.5260636,
        0.5367827,
        0.48609108,
        0.46777925,
        0.45792764,
        0.42886257,
        0.44651756,
        0.4238505,
        0.44419217,
        0.4511116,
        0.41914636,
        0.40848488,
        0.45330042,
        0.40803623,
        0.39477468
    ]
}