{"loss": [0.6176022828818466, 0.10461791743954214, 0.05975675466851578, 0.04711484454965765, 0.04213610345578857, 0.03684541818465713, 0.036383483494914944, 0.03483842209925607, 0.03222732868339808, 0.02885131394969634, 0.031200487686453858, 0.02894845086412486, 0.028941484238078866, 0.027218317040134127, 0.0288739750313093, 0.02922391021710133, 0.027318013654992344, 0.02629961544953211, 0.026593352930353368, 0.024103754463992325], "accuracy": [0.6929321, 0.97061914, 0.98473555, 0.9879938, 0.98962694, 0.9909529, 0.9915431, 0.991721, 0.99236774, 0.99312776, 0.9928286, 0.9932895, 0.9932733, 0.9939767, 0.9932733, 0.99382305, 0.99382305, 0.9943486, 0.9944456, 0.99476904], "precision": [0.654331, 0.9573346, 0.97642606, 0.9811778, 0.9841427, 0.98592424, 0.98673904, 0.98704565, 0.9880751, 0.9892455, 0.98869216, 0.9894313, 0.98941576, 0.9902061, 0.9895375, 0.9902337, 0.9903405, 0.99103695, 0.9910998, 0.99165577], "recall": [0.85814357, 0.98703986, 0.994421, 0.99583143, 0.99594116, 0.9966934, 0.9970068, 0.9970381, 0.99724185, 0.99752396, 0.9975083, 0.9976493, 0.99763364, 0.9981978, 0.9975083, 0.9978687, 0.997759, 0.99807245, 0.9981978, 0.9982605], "AUPRC": [0.771649, 0.9853667, 0.9927716, 0.9944711, 0.9950352, 0.99602187, 0.99631625, 0.9962479, 0.9965232, 0.9970749, 0.99701333, 0.9972918, 0.9971683, 0.9969581, 0.9971862, 0.9971174, 0.99698555, 0.9972263, 0.9968304, 0.99710983], "val_loss": [0.15892692774766506, 0.05993876442963653, 0.050532265662249894, 0.04298440895341285, 0.04885179599028254, 0.039054794260013806, 0.05850646226718403, 0.05146246161481023, 0.05418279241647589, 0.04798446730007993, 0.048709660504247715, 0.046436652623909454, 0.04802147391362035, 0.062473259094107496, 0.06316796132651704, 0.06834478001167106, 0.054782455560835684, 0.06246509703269095, 0.06333369010948368, 0.06268357391452495], "val_accuracy": [0.9499693, 0.98324764, 0.9869344, 0.98919827, 0.9902008, 0.99117106, 0.9896834, 0.9883574, 0.9903949, 0.99188256, 0.9925617, 0.99175316, 0.9911064, 0.9930468, 0.9916238, 0.9880664, 0.9933702, 0.9925617, 0.99324083, 0.9928851], "val_precision": [0.9225639, 0.97149175, 0.9782851, 0.98164225, 0.98479843, 0.9844653, 0.98243654, 0.98029983, 0.9845024, 0.98611546, 0.9872242, 0.9865968, 0.9844634, 0.98851365, 0.9844788, 0.9781549, 0.9874868, 0.9870421, 0.9871803, 0.98759663], "val_recall": [0.9851884, 0.9965965, 0.9966595, 0.99760497, 0.9962814, 0.99855036, 0.997731, 0.99735284, 0.99697465, 0.9982352, 0.9984243, 0.9974789, 0.9984243, 0.99804616, 0.99943274, 0.9990546, 0.9997479, 0.99861336, 0.99981093, 0.9986764], "val_AUPRC": [0.9734711, 0.99470365, 0.9950897, 0.9953958, 0.99377114, 0.99561465, 0.99271196, 0.99495095, 0.9935721, 0.99402565, 0.9943555, 0.99536884, 0.99510616, 0.995448, 0.9941386, 0.9939283, 0.99475867, 0.99550927, 0.99533933, 0.9967764]}
